{
  "hash": "0570667b",
  "browserHash": "dc289681",
  "optimized": {
    "@angular/common": {
      "src": "../../../../../node_modules/@angular/common/fesm2022/common.mjs",
      "file": "@angular_common.js",
      "fileHash": "55f761d7",
      "needsInterop": false
    },
    "@angular/core": {
      "src": "../../../../../node_modules/@angular/core/fesm2022/core.mjs",
      "file": "@angular_core.js",
      "fileHash": "52ed75be",
      "needsInterop": false
    },
    "@angular/platform-browser": {
      "src": "../../../../../node_modules/@angular/platform-browser/fesm2022/platform-browser.mjs",
      "file": "@angular_platform-browser.js",
      "fileHash": "26406610",
      "needsInterop": false
    },
    "@angular/router": {
      "src": "../../../../../node_modules/@angular/router/fesm2022/router.mjs",
      "file": "@angular_router.js",
      "fileHash": "ee81360c",
      "needsInterop": false
    }
  },
  "chunks": {
    "chunk-S7XXB5Z5": {
      "file": "chunk-S7XXB5Z5.js"
    },
    "chunk-L766OLEG": {
      "file": "chunk-L766OLEG.js"
    },
    "chunk-7JJFYRJ3": {
      "file": "chunk-7JJFYRJ3.js"
    }
  }
}